{"K":4,"n":226,"Q":[0.0,0.262224,0.353841,0.383935,0.260848,0.738617,0.000326,0.00021,0.079802,0.047679,0.872267,0.000251,0.186059,0.000313,0.813552,7.6e-05,0.075945,0.012133,0.834568,0.077354,0.359936,0.111222,0.514241,0.014601,0.363605,0.604162,0.000552,0.031681,0.796699,0.184057,0.002028,0.017216,0.037416,0.962492,0.0,9.2e-05,0.012546,0.028669,0.044241,0.914544,0.828093,0.105257,0.066108,0.000542,0.149429,0.341385,0.0,0.509186,0.518821,0.389618,0.003344,0.088216,1.7e-05,0.971624,0.026059,0.002299,0.033926,0.402254,0.558511,0.005309,0.293491,0.021546,0.680267,0.004696,0.224647,0.141138,0.612497,0.021717,0.047756,0.883484,5.6e-05,0.068704,0.033588,0.043044,0.0,0.923368,0.32742,0.534746,0.136647,0.001188,0.495339,0.000972,2e-06,0.503687,0.021977,0.0,0.173022,0.805001,0.892211,0.089433,0.000221,0.018136,0.172292,3.3e-05,0.812071,0.015604,0.005388,0.254322,0.687586,0.052704,0.007917,0.933854,0.057036,0.001193,0.493502,0.00284,0.27544,0.228218,0.000278,0.802183,0.197495,4.4e-05,0.013653,9e-06,0.835689,0.150649,0.794511,0.122919,0.058414,0.024156,6.6e-05,0.202206,0.751283,0.046445,0.348125,0.039021,0.612854,1e-06,0.816185,0.122447,0.012731,0.048638,0.001614,0.091418,0.819606,0.087363,0.628143,0.07527,0.226841,0.069746,0.956993,0.015768,0.001916,0.025323,5e-06,0.280497,0.697998,0.0215,0.050444,0.006741,0.474767,0.468048,0.60968,0.128614,0.228458,0.033247,0.0079,0.000203,0.15619,0.835708,0.042755,0.739376,0.003128,0.21474,0.002834,0.0,0.050937,0.946229,0.014832,0.811398,0.122555,0.051215,0.370988,0.023578,0.348057,0.257376,0.266609,0.000319,0.714562,0.01851,0.022261,0.139094,0.046241,0.792403,0.157977,0.665629,0.169921,0.006473,0.00379,0.02306,0.667975,0.305175,0.701107,0.014405,0.17265,0.111839,0.125092,0.612656,0.262151,0.000101,0.699655,0.006822,0.29108,0.002442,0.007121,0.054772,0.904519,0.033588,0.104764,0.79066,0.091426,0.01315,0.35413,0.619046,0.000226,0.026597,0.117533,2.9e-05,0.772698,0.10974,0.057736,0.175675,0.765017,0.001572,0.007603,0.001644,0.85829,0.132462,0.149082,0.016472,0.040292,0.794154,0.00042,0.040313,0.416583,0.542685,2e-06,0.02886,0.910874,0.060263,0.326065,0.003614,0.661461,0.008861,0.520397,0.281208,0.118898,0.079497,0.002994,0.0,0.00028,0.996726,0.026873,0.418249,0.543621,0.011257,0.025322,0.03378,0.000255,0.940642,0.495024,0.127261,0.376599,0.001116,0.635545,0.061921,0.281389,0.021145,0.510909,0.233543,0.10403,0.151519,0.095414,0.878073,0.026416,9.8e-05,0.688295,0.196964,0.113717,0.001024,0.000176,0.310382,0.688658,0.000784,0.02562,0.139417,0.041056,0.793907,0.004971,0.538149,0.007954,0.448926,0.001214,0.334247,0.010131,0.654408,0.917174,0.076322,0.002655,0.003849,0.016446,0.740134,0.242854,0.000566,0.020117,0.070579,0.004441,0.904863,0.03576,0.169101,0.024693,0.770446,0.047435,0.114017,0.087793,0.750755,0.617713,0.134699,0.222234,0.025354,0.064301,0.164321,0.263913,0.507465,0.448763,0.016737,0.045813,0.488687,0.063276,0.034233,0.902392,9.8e-05,0.150298,0.133106,0.214859,0.501737,0.015328,0.088556,0.086233,0.809883,0.004323,0.372131,0.298198,0.325348,0.717936,0.001948,0.276431,0.003684,0.298079,0.35421,0.053077,0.294634,0.675756,0.1048,0.171029,0.048415,0.570015,0.001818,0.143002,0.285165,0.198967,0.115033,0.676799,0.009201,0.006764,0.01064,0.020083,0.962513,0.91986,0.000682,0.079437,2.1e-05,0.000383,0.279915,0.000624,0.719077,0.36277,0.409118,0.22454,0.003572,0.000106,0.332406,0.659966,0.007521,0.095001,6e-06,0.866825,0.038168,0.006193,0.341213,0.533416,0.119178,0.477526,0.096604,0.239548,0.186322,0.004766,0.973403,0.018161,0.003671,0.199756,0.027067,0.10223,0.670947,0.156712,0.473391,0.021386,0.348511,0.004409,0.098294,0.897295,3e-06,0.056214,0.194764,0.722169,0.026853,0.009122,0.065002,0.777379,0.148497,6e-06,0.000154,0.536627,0.463213,0.00245,0.008589,0.595119,0.393843,0.006216,0.818404,0.175316,6.4e-05,0.006562,0.326509,0.552437,0.114491,0.986097,0.004283,0.00727,0.00235,0.012942,0.006701,0.002021,0.978336,0.000346,0.026004,0.744826,0.228825,0.045424,0.385375,0.007017,0.562184,0.000104,0.10833,0.229579,0.661987,0.012367,0.39724,0.587856,0.002538,0.685275,0.161947,0.061515,0.091263,0.226897,0.003164,0.47805,0.291889,0.149891,0.747464,0.029566,0.073079,0.002953,0.286585,0.692719,0.017744,0.051424,0.205603,0.733916,0.009057,0.016869,0.0,0.855351,0.127779,0.000268,0.981979,0.011757,0.005996,0.10147,0.116017,0.22821,0.554304,0.733074,1e-05,0.032603,0.234313,0.115863,5.1e-05,0.150216,0.733869,2.3e-05,0.041068,0.944486,0.014423,0.190162,0.16077,0.099043,0.550025,0.000107,0.563105,0.410458,0.02633,0.579428,0.370471,0.045032,0.00507,0.835065,0.158651,0.006284,0.0,0.720135,0.062936,0.15186,0.065068,0.97647,0.022076,5.5e-05,0.001398,0.005456,0.20519,0.028338,0.761015,0.221356,0.637469,0.0,0.141175,0.04226,0.927877,0.018461,0.011402,0.019267,0.322511,0.004568,0.653653,0.231253,0.435994,0.005955,0.326798,0.025532,0.222645,0.531009,0.220813,0.226255,1e-06,0.769783,0.003961,0.031891,0.952666,5.9e-05,0.015385,0.025766,0.867689,0.016586,0.089959,0.000152,0.944099,0.022821,0.032928,0.027609,0.495971,0.025518,0.450901,0.006752,0.098162,0.845173,0.049914,0.155952,0.019299,0.409172,0.415577,0.026007,0.000706,0.956419,0.016868,0.231382,0.037383,0.057329,0.673907,0.27596,0.004131,0.386497,0.333412,0.01415,0.000174,0.017876,0.967799,0.038921,0.374252,0.504159,0.082667,0.386101,0.265964,0.346323,0.001612,0.059179,0.027925,0.592738,0.320158,0.410484,0.589439,7.8e-05,0.0,0.115945,0.087668,0.640501,0.155887,0.087376,0.806418,0.097003,0.009202,0.116886,0.005972,0.876581,0.000562,0.001833,0.988883,0.009269,1.5e-05,0.004667,0.899004,2.9e-05,0.096299,3.8e-05,2e-06,0.102067,0.897894,0.210275,0.200883,0.5881,0.000742,0.521831,0.005594,0.472252,0.000323,0.181597,0.001729,0.640496,0.176178,0.387167,0.499402,0.005669,0.107762,1.1e-05,0.187561,0.797983,0.014445,0.081969,0.421854,0.423337,0.072841,0.579062,0.417337,0.000366,0.003234,0.760466,0.052057,0.170916,0.016561,0.021304,0.010263,0.299925,0.668509,0.294122,0.489844,0.008263,0.207771,0.735999,0.000904,0.241954,0.021143,0.185938,0.295054,0.06279,0.456219,0.222837,0.006718,0.001216,0.76923,0.764455,0.181808,0.053735,1e-06,0.029068,0.569716,0.355647,0.045569,0.752357,0.110712,0.000103,0.136828,0.804815,0.00094,0.01024,0.184005,0.47784,0.266061,0.012562,0.243537,0.551387,0.403712,0.044298,0.000603,0.664405,0.000258,0.174654,0.160683,0.004026,0.049516,0.894274,0.052184,0.851755,0.038774,0.095504,0.013967,0.059298,0.772691,0.146649,0.021363,0.146149,0.846963,0.003658,0.00323,0.296515,0.400549,0.099656,0.20328,6e-06,0.083718,0.915024,0.001251,0.003546,0.991521,0.001659,0.003273,0.204391,0.346553,3.9e-05,0.449017,0.015136,0.830788,0.127394,0.026681,0.187749,0.73393,0.078316,6e-06,7.2e-05,0.312944,0.275342,0.411642,0.194531,0.037145,0.622878,0.145447,0.440159,0.037383,0.51046,0.011999,0.048162,0.226092,0.511897,0.21385,0.007889,0.784301,0.203442,0.004368,0.002338,0.005378,0.13763,0.854653,0.127995,0.662908,0.202259,0.006839,0.056415,0.000208,0.370112,0.573264,0.117088,0.862418,0.019168,0.001327,0.047869,0.158513,0.258305,0.535313,3.8e-05,0.003553,0.181542,0.814867,0.046948,0.212777,0.047885,0.69239,0.095935,0.292246,0.345084,0.266735,0.154121,0.375835,0.01885,0.451193,0.000193,0.982704,0.016587,0.000517,0.020823,0.042457,0.000434,0.936286,0.204148,0.008089,0.000474,0.787288,0.320651,0.000154,0.001287,0.677908,0.573229,0.089447,0.030717,0.306607,0.113763,0.00054,0.740935,0.144762,0.114178,0.001918,0.790894,0.093011,0.022343,0.008781,0.741705,0.227172,0.000176,0.033075,0.9592,0.00755,0.376025,0.02465,0.190729,0.408596,0.409676,0.52518,0.034305,0.030839,0.078037,0.000347,0.58043,0.341186,0.010755,0.526149,0.109939,0.353157,0.01559,0.946872,0.037507,3.2e-05,0.468398,0.011538,0.153237,0.366827,0.240287,0.029931,0.476011,0.253771,0.544269,0.009645,0.00112,0.444967,0.059435,0.00229,0.412368,0.525907,0.497377,0.351586,0.139769,0.011268,0.045222,0.673795,0.279854,0.001128,0.050401,0.104742,0.844845,1.1e-05,0.441964,0.003291,0.125533,0.429212,0.554174,0.118823,0.324324,0.002679]}