{"K":5,"n":226,"Q":[0.020047,0.002557,0.186312,0.015918,0.775166,0.008574,0.594425,0.270551,0.077721,0.048729,0.070988,0.421797,0.251311,0.162397,0.093506,0.187161,0.02417,0.002243,0.593178,0.193249,0.227564,0.731342,0.008794,0.029183,0.003118,0.17055,0.005774,0.237806,0.000518,0.585352,0.03206,0.295577,0.001081,0.669586,0.001696,0.007201,0.11596,0.558626,0.226663,0.09155,0.216148,0.685118,4.6e-05,0.066324,0.032365,0.446998,0.002641,0.072526,0.051379,0.426456,0.001583,0.756824,0.097614,0.14387,0.000109,0.108331,0.005039,0.709048,0.177031,0.000551,0.361331,0.099048,0.078368,0.178752,0.282501,0.001725,0.012388,0.320186,0.067201,0.598499,0.626405,0.058411,0.011403,0.11462,0.189161,0.045186,0.020827,0.003628,0.929736,0.000623,0.624494,0.109902,0.19633,0.069247,2.7e-05,0.0219,0.011113,0.12432,0.078434,0.764231,0.583012,0.0,0.05574,0.065342,0.295906,0.10444,0.630701,0.258294,0.0,0.006565,0.151364,0.0,0.049456,0.000734,0.798446,0.0524,0.855716,0.091244,0.000557,8.3e-05,0.014339,0.001969,0.00074,0.000767,0.982185,0.979696,0.000332,0.015586,0.004385,1e-06,0.162011,0.450275,0.367668,0.005621,0.014425,0.188544,0.028924,0.726979,0.055523,3.1e-05,0.763055,0.010529,0.001104,0.153147,0.072166,0.001054,0.850911,0.134467,8.7e-05,0.013482,0.116843,0.652976,0.148009,0.016176,0.065996,0.245744,0.045576,0.006716,0.701113,0.000852,0.099318,1.7e-05,0.075701,0.676601,0.148363,0.00115,0.000221,0.0,0.000637,0.997991,0.252939,0.645192,0.083749,0.001706,0.016413,0.148664,0.758523,0.064719,1.6e-05,0.028078,0.089363,0.013478,0.589382,0.021728,0.28605,0.223437,0.014936,0.383241,0.26783,0.110556,0.732831,0.06185,0.065482,0.095716,0.04412,0.001209,0.043395,0.005392,0.028811,0.921192,0.915752,0.03333,0.04651,0.004035,0.000373,0.0,0.232229,0.124874,0.3189,0.323997,0.043102,0.000203,0.001295,0.886284,0.069116,0.36534,0.410863,0.220925,0.001659,0.001213,0.233857,0.008278,4.6e-05,0.271308,0.48651,0.555607,0.39816,0.002868,0.004833,0.038531,0.002596,0.205647,0.358193,0.429367,0.004197,0.62019,0.277568,0.077819,0.013458,0.010964,0.032125,0.032487,0.073051,0.810913,0.051423,0.164351,0.272958,0.387701,0.174641,0.000349,0.504048,0.003268,1.2e-05,0.492647,2.5e-05,0.712178,0.071182,0.158433,0.021951,0.036256,0.115481,0.811407,0.049358,0.004119,0.019636,0.224291,0.012072,3.7e-05,0.690281,0.07332,0.045835,0.233164,0.000741,0.454326,0.265934,0.027906,0.132607,0.011278,0.675758,0.152452,0.030128,0.70627,0.202944,0.014555,0.046102,0.004542,0.05306,2e-06,0.061987,0.880408,0.151652,0.050886,0.00146,0.471108,0.324894,0.774126,0.011516,0.192863,0.002297,0.019199,0.005309,0.064071,0.146873,0.235452,0.548295,0.148398,0.277851,0.416424,0.04518,0.112147,0.005524,0.09951,0.349988,0.003933,0.541044,0.297091,0.284048,1.9e-05,0.097532,0.321311,0.359107,0.051456,0.029346,0.559998,9.3e-05,0.063946,0.005891,0.019223,0.90607,0.00487,0.009522,0.044059,0.001361,0.943308,0.001749,0.443473,0.002443,0.086395,0.000122,0.467568,0.265742,0.039072,0.054008,0.624411,0.016767,0.915724,0.06536,0.008779,0.000945,0.009191,0.392885,0.000505,0.00196,0.516335,0.088315,8.7e-05,0.82667,0.00777,0.165371,0.000102,0.847123,0.0,0.024031,0.123446,0.0054,0.103795,0.002259,0.626704,0.156502,0.11074,0.129358,0.228865,0.521161,0.048792,0.071823,0.085381,0.152754,0.529377,0.006576,0.225912,0.048669,0.111428,0.001013,0.599403,0.239487,0.000125,0.015727,0.003171,0.01036,0.970617,0.052123,0.660948,0.000101,0.07187,0.214959,0.00769,0.125864,0.521666,0.3343,0.01048,8.2e-05,0.70851,0.011519,0.001506,0.278383,0.035237,0.004294,0.001553,0.009415,0.949501,0.308349,7.6e-05,0.00725,0.27025,0.414074,0.387854,0.00012,0.0,0.033417,0.578608,0.498618,0.060677,0.2629,0.006201,0.171603,0.003729,0.275189,0.150791,0.293426,0.276866,0.054661,0.142236,0.717554,0.077038,0.008511,0.409792,0.00028,0.269413,0.000354,0.32016,0.322801,0.086217,0.183248,0.404441,0.003294,0.001699,0.124868,0.000604,0.872111,0.000718,0.004342,0.004488,0.730453,0.260441,0.000275,0.013401,0.027406,0.011616,0.296684,0.650893,0.221551,0.088471,0.461653,8e-06,0.228317,0.036219,0.930488,0.012689,7.2e-05,0.020533,0.106464,0.848497,0.041671,0.003295,7.2e-05,0.539579,0.04436,0.000124,0.380071,0.035866,0.551723,0.084175,0.000304,0.363772,2.6e-05,0.098704,0.627006,0.00574,0.005503,0.263048,4e-06,0.435176,0.066999,0.497805,1.6e-05,0.243095,0.434803,0.00598,0.001167,0.314954,0.703838,0.000976,0.154743,0.055371,0.085071,6e-05,0.647482,0.201025,0.144283,0.007149,0.920648,0.001129,0.071458,0.001192,0.005573,0.306517,0.437751,0.074985,0.018592,0.162155,0.483351,0.396747,0.092177,0.000995,0.026729,0.347757,0.004889,0.000466,0.00069,0.646198,0.001323,0.005262,0.003015,0.701433,0.288967,0.12753,0.099604,9e-06,0.473521,0.299335,0.001595,0.178955,0.006011,0.000387,0.813052,0.064311,0.019047,0.124913,0.528914,0.262814,0.040649,0.049357,0.86696,0.043008,2.7e-05,0.69369,0.277859,1e-06,0.01462,0.013829,0.953071,0.035585,0.000452,0.006319,0.004572,0.044694,0.031997,0.244236,0.0029,0.676172,5.6e-05,0.000342,0.599709,0.273748,0.126144,0.001405,0.01609,0.274503,0.242934,0.465068,0.167016,0.048643,0.000333,0.778962,0.005046,0.027694,0.002893,0.905874,0.06161,0.001928,3e-06,0.095362,0.0,0.43629,0.468346,0.339525,0.003356,0.127756,0.03227,0.497094,0.200581,0.014622,0.095579,0.252606,0.436612,0.225951,0.144309,0.040789,0.033453,0.555498,0.880775,0.090127,0.000457,0.000188,0.028453,0.016502,0.126662,0.81622,0.039016,0.0016,0.004502,0.013963,0.683715,0.297505,0.000314,0.085225,0.381944,0.075052,0.457761,1.8e-05,0.351315,0.002109,0.621246,4.1e-05,0.02529,0.240345,0.026093,0.027444,0.049071,0.657047,0.614693,0.181776,0.197621,0.005893,1.7e-05,0.235452,0.002854,0.280977,0.480716,1e-06,0.066383,0.000139,0.089833,0.0796,0.764045,0.002564,0.257716,0.649719,0.088553,0.001449,0.028746,0.399456,0.000177,0.462816,0.108806,0.443456,0.205198,0.296712,0.000934,0.0537,0.275319,0.000505,0.513632,0.097868,0.112676,0.434143,0.049657,0.429695,0.029469,0.057036,0.003971,0.042842,0.000274,0.951654,0.001259,0.06791,0.080486,0.478743,0.237902,0.134959,0.017737,0.810654,0.108286,0.053327,0.009995,0.000909,0.077206,0.526398,0.378142,0.017346,0.002587,0.835558,0.007503,0.147276,0.007076,8.3e-05,0.0,0.83027,0.16674,0.002907,0.098025,4e-06,0.13138,0.569555,0.201036,0.00064,0.495071,0.113259,0.219912,0.171117,0.000122,0.009773,0.981569,0.003365,0.005172,0.13786,0.148638,0.711767,0.00095,0.000785,0.000142,0.247474,0.336936,0.010377,0.405071,0.000977,4e-06,0.614921,0.00163,0.382469,0.217843,0.004184,0.002529,0.143687,0.631756,0.001628,0.054017,0.235702,0.475461,0.233192,0.442696,0.00193,0.037424,0.513985,0.003964,0.000731,0.001156,0.605039,0.210665,0.182409,0.015217,0.089421,0.319161,0.525266,0.050934,0.551824,0.00347,0.104941,0.06425,0.275514,0.481296,0.000633,0.001516,0.502864,0.013692,0.033338,0.000126,0.190979,0.011702,0.763855,0.13268,0.089937,0.001139,0.178654,0.59759,0.000461,0.63403,0.252299,0.009172,0.104037,0.621244,0.118821,0.053688,0.050853,0.155393,0.039479,0.309093,0.016315,0.399713,0.235399,0.057272,0.000101,0.887982,8e-06,0.054638,0.026717,0.00783,0.22497,0.02834,0.712143,0.221263,0.054042,0.724623,0.0,7.2e-05,0.404396,0.037935,0.555095,3.2e-05,0.002542,0.034487,0.015279,0.048243,0.12117,0.78082,0.001593,0.109365,0.835595,0.053444,2e-06,0.120146,0.228332,0.022964,0.000489,0.628069,0.217631,0.14451,0.626666,0.011008,0.000185,0.027402,0.119661,4.4e-05,0.847756,0.005138,0.016823,0.168294,3.1e-05,0.025359,0.789493,0.007195,0.195281,0.538236,0.258707,0.000581,0.00331,0.046822,0.770477,2.7e-05,0.179364,0.041556,0.813217,0.136932,1.7e-05,0.008279,0.451741,0.365279,0.056074,0.053165,0.073741,0.045113,0.048406,0.070998,0.001743,0.83374,0.187444,0.607216,0.168219,0.02155,0.01557,0.000141,0.232608,0.396291,2.8e-05,0.370931,0.080141,0.535057,0.005343,0.379367,9.2e-05,1e-05,0.079698,0.320383,0.000414,0.599495,0.299926,0.015336,0.575083,0.006313,0.103342,0.480393,0.040683,0.464878,0.009961,0.004086,0.005784,0.871056,0.121974,0.000601,0.000585,0.524129,0.014075,0.35926,0.100989,0.001548,0.038356,0.021959,0.207675,0.000424,0.731586,0.063342,0.018045,