{"K":7,"n":226,"Q":[0.235314,0.000288,0.000382,0.000288,2e-06,0.763604,0.000123,0.148621,0.287149,0.325818,3.3e-05,0.001309,0.237053,1.6e-05,0.326339,0.047458,0.107409,0.174947,0.225521,0.003275,0.115052,0.002636,0.400092,0.049869,0.029804,0.462881,0.019626,0.035093,0.095818,0.092325,0.003042,0.357564,0.179721,0.2352,0.036329,0.150422,0.479406,0.001832,0.142996,1e-06,0.004743,0.2206,0.007655,0.182047,0.030645,0.003524,0.774807,1.1e-05,0.001311,0.563949,0.098955,0.132146,1e-06,0.151147,0.002021,0.051781,0.300373,0.198433,0.169987,0.243415,0.050975,0.032139,0.004676,0.001339,1.4e-05,0.102321,0.522471,0.167467,0.157488,0.0489,0.006314,0.012889,0.436132,0.064825,0.010422,0.015946,0.453473,0.000271,0.025894,0.009488,0.039063,0.383543,1.5e-05,0.541726,0.000358,0.003739,0.405417,0.406354,0.108093,0.028963,0.047075,0.00957,0.108731,0.192345,0.663257,0.000647,0.005209,0.020241,0.019478,0.000653,0.00096,0.743702,0.058756,0.073026,0.103425,0.000153,0.016549,0.126469,0.000124,0.243107,0.613598,0.0,0.297947,0.093807,0.017745,0.051747,0.001632,0.289407,0.247716,0.003373,0.335568,0.000365,0.270289,0.314714,0.075675,1.6e-05,0.140829,0.138343,0.003861,0.002975,0.017274,0.68538,0.011338,0.699906,0.022506,0.001549,0.075353,0.190902,0.009569,0.000215,0.000748,0.089501,0.468114,0.006132,0.028637,0.116023,0.290845,0.007087,0.026096,0.048896,0.203777,0.378228,0.330062,0.005854,1e-06,0.024674,0.799819,0.000554,0.013767,0.123804,0.037382,0.380052,0.229747,0.012007,0.064208,0.007084,0.30687,3.1e-05,0.0,0.291318,0.011096,0.164393,0.024339,2.4e-05,0.50883,0.371794,0.052249,0.237341,0.000652,0.017626,0.171388,0.148951,0.123363,0.041128,0.289413,0.017411,0.340123,0.129035,0.059527,0.006474,0.03809,0.000139,0.095186,0.301059,0.55455,0.004502,0.0986,0.250219,0.616825,0.000856,0.0317,0.001265,0.000534,5e-06,0.100981,0.209134,0.029802,0.002425,0.162536,0.495118,0.000841,0.04137,0.066371,0.097337,0.000144,0.42725,0.366687,0.040031,0.613858,0.105859,0.000268,0.003311,0.198373,0.038301,0.102309,0.167896,0.05433,0.000618,0.018687,0.65562,0.00054,0.009057,0.055108,0.707608,0.185735,0.001495,0.039207,0.00179,0.019617,0.038015,0.223854,0.088412,0.047691,0.003363,0.579049,0.481483,0.200451,0.011685,0.017567,0.019537,0.269277,0.0,0.550557,0.002306,0.0,0.402592,0.001746,0.038459,0.004341,0.013436,0.015189,0.107332,0.195897,0.594881,0.072523,0.000743,0.001178,0.000192,0.099066,0.066165,0.826213,0.007185,0.0,0.115017,0.322887,0.040612,0.003404,0.037668,0.442727,0.037685,0.302267,0.004619,0.001662,0.004916,0.047271,0.600198,0.039066,0.167979,0.002306,0.004066,0.031974,4.7e-05,0.593827,0.199801,0.019802,0.018468,0.013883,0.004107,0.112768,0.535505,0.295466,0.004325,0.221553,0.322836,0.394733,0.001955,0.03403,0.020568,6e-05,0.008132,0.224514,0.114717,0.0004,0.155309,0.496869,0.004059,0.253774,4e-06,0.61962,0.006192,0.028882,0.08747,0.070123,0.106028,0.332758,0.370988,0.000479,0.075319,0.044305,0.074576,0.005143,0.20168,0.718281,0.000214,9.9e-05,7e-06,0.072356,7.1e-05,0.103847,0.756809,0.043167,0.00029,0.023459,0.019776,0.050687,3e-05,0.273787,0.35257,0.303094,5.5e-05,0.000676,0.06999,0.313804,0.122715,0.053222,0.439594,0.0,0.002836,0.451381,0.000332,0.111553,0.192251,0.013711,0.227937,0.229293,0.05652,0.283875,0.00191,0.02171,0.40669,2e-06,0.762731,0.075579,0.101183,0.000282,0.02475,0.010393,0.025082,0.400006,0.022071,0.064632,0.009669,0.040833,0.461983,0.000806,0.012854,0.002773,0.109563,0.4985,0.021818,0.086657,0.267834,0.004345,4e-06,0.203567,0.060406,0.173439,0.204154,0.354085,0.011837,0.134369,0.189822,5.9e-05,0.249131,0.296758,0.118024,0.35204,0.105424,0.01852,0.471767,0.030108,0.000707,0.021434,0.13728,0.05083,0.379819,0.041947,0.380578,0.00954,6e-06,0.039238,3e-06,0.192355,0.143375,0.002027,0.622992,9e-06,0.000194,0.472148,0.055315,0.160222,0.081102,0.225866,0.005152,0.010573,0.087348,0.303482,0.018368,0.55897,6e-06,0.021253,0.16628,0.193798,0.00716,0.233576,0.26587,0.00904,0.124275,4e-06,0.061959,0.606444,0.161608,0.155129,0.014857,1e-06,0.39585,0.041635,0.272665,0.014139,0.089314,0.012197,0.174199,0.318536,0.004502,2e-06,0.059617,0.590872,2e-06,0.02647,0.187422,0.536848,0.074506,0.002975,0.190996,0.007225,2.7e-05,0.123543,0.329919,0.314856,0.032629,0.061184,0.090485,0.047385,0.000433,0.019346,0.006762,0.001376,0.844387,0.118443,0.009253,0.07604,0.451088,0.182408,2e-06,0.000595,0.265277,0.024589,0.043791,8.4e-05,0.310812,0.038609,0.226057,0.008991,0.371656,0.003023,0.017333,0.557831,0.356223,0.035199,0.012925,0.017465,0.034538,0.01391,0.057855,0.444368,0.010148,2e-06,0.439179,0.006121,0.090308,0.160789,0.734527,0.000829,0.000641,0.006785,0.150683,0.003024,0.239391,0.509094,0.016968,0.044402,0.036438,1.3e-05,0.035425,0.029332,2e-06,0.000288,0.037209,0.897732,0.06124,0.010642,0.061514,0.002546,0.62716,0.021952,0.214946,0.513627,0.001292,0.010952,0.409941,0.024597,0.021554,0.018037,0.001767,0.007529,0.291897,0.000366,0.222221,0.245118,0.231102,0.00233,0.014183,0.007706,0.407861,0.131722,0.338859,0.09734,0.014204,0.113937,0.368627,0.029045,6.1e-05,1e-06,0.474125,0.190694,0.166225,0.009107,0.000666,0.366312,0.265387,0.001608,0.044354,0.000362,6.9e-05,0.023076,0.623319,0.17538,0.13344,0.577429,0.203974,0.00015,0.0,0.001329,0.186137,0.030981,0.460053,0.007951,0.003126,0.040891,0.486622,1e-06,0.001356,3e-06,0.039604,0.803457,0.005767,0.146366,0.000841,0.003962,0.000136,0.335805,0.03692,0.32411,0.249164,0.004348,0.049518,0.173619,0.7347,0.022407,0.055608,2.4e-05,0.005365,0.008278,0.108647,0.052455,0.378592,0.010935,1e-05,0.300676,0.148686,0.021565,0.179583,0.003422,0.086772,0.000366,0.079454,0.628838,0.016083,0.424369,0.063791,0.232137,0.20008,0.025386,0.038154,0.077997,0.001915,0.324248,0.109492,0.455214,0.000525,0.030609,0.45102,0.292377,0.0,0.00025,0.007323,0.000156,0.248873,0.100238,0.118125,0.000264,0.447294,0.096364,0.20251,0.035204,0.008464,0.277174,0.035082,0.00191,0.013309,0.651597,0.012465,0.012126,5e-06,0.451804,0.002061,2e-06,0.009,0.525003,0.056895,4.6e-05,0.00031,0.171021,0.011651,0.624422,0.135655,0.05416,0.476416,0.2125,0.151241,0.030688,0.074993,3e-06,0.008034,4.1e-05,0.244014,0.498544,0.009018,0.188168,0.052179,0.581608,0.196336,0.033122,0.009704,2.1e-05,0.025031,0.154179,0.000954,0.039682,0.770386,3.1e-05,0.009654,0.005621,0.173672,0.003526,0.024006,0.346088,0.000362,0.000178,0.000536,0.625303,0.034531,0.68809,0.262477,0.004689,0.000168,0.009249,0.000796,0.172906,0.278713,0.007505,0.001878,0.03546,0.126562,0.376976,0.305277,0.021507,0.018374,0.531099,0.0,0.00851,0.115233,0.152059,0.019519,0.230406,0.506017,0.062187,0.02532,0.004493,0.0,0.0,0.007594,0.000927,0.684776,0.015401,0.291302,0.205806,0.673218,0.047693,0.064338,0.005515,0.000945,0.002483,0.011299,3e-06,0.816514,0.001272,0.002607,0.046173,0.122132,0.540102,0.024427,0.225319,0.010604,0.00095,0.02789,0.170707,0.073779,0.000159,0.0,0.4204,0.489756,0.009103,0.006802,0.331121,0.043683,0.177543,0.196807,0.174507,8.3e-05,0.076255,0.015498,0.374257,0.324189,0.134673,0.057019,0.005545,0.088819,0.000883,0.024778,0.000114,0.000103,0.258801,0.285774,0.429547,0.346115,0.001162,0.302834,0.205981,0.00216,0.141646,0.000104,0.018704,0.0,0.084798,0.313807,0.000215,0.046109,0.536368,0.000231,0.00021,0.005322,0.893617,0.016116,0.084477,2.7e-05,0.129649,0.055664,0.021639,0.578796,0.004079,0.027336,0.182837,0.053078,0.001905,0.20603,0.010416,0.33401,0.387313,0.007248,0.014178,0.004396,0.14442,0.000152,0.280825,0.553169,0.00286,0.097605,0.048547,0.056601,0.790143,0.004545,0.000131,0.002428,0.017768,0.282721,0.146503,0.025855,0.037914,0.152813,0.336426,0.005049,0.085727,0.124692,0.419059,0.027465,0.329588,0.00842,0.047637,0.078026,0.111036,0.000189,0.42239,0.03228,0.308441,0.026251,0.836425,0.080484,0.001832,0.05094,0.004064,4e-06,0.279817,8.8e-05,0.000295,0.361749,0.333192,0.022587,0.002271,0.040214,0.00063,0.07597,0.010065,0.786606,0.003718,0.082797,0.068955,0.000777,0.014559,0.097342,0.573969,0.035323,0.209075,0.026048,0.013571,0.283365,0.210855,0.014397,0.000774,0.45099,0.001535,0.557544,0.251813,2.1e-05,0.003329,0.18163,0.004128,0.147366,