{"K":6,"n":226,"Q":[0.00246,0.0,0.714752,0.00344,2e-06,0.279345,0.159905,0.023969,0.052796,0.139803,0.564752,0.058776,0.050979,0.000144,0.023376,0.014755,0.090116,0.82063,0.088316,0.316379,0.078752,0.013072,0.500961,0.002519,0.075048,0.014183,0.236603,0.143221,0.523183,0.007762,0.146555,0.064929,0.000691,0.009201,0.013018,0.765607,0.006641,0.160046,0.092033,0.132473,0.093878,0.514929,0.000341,0.47146,0.01075,0.033379,0.481025,0.003045,0.020709,0.037077,0.006229,0.000858,0.075908,0.859219,0.335844,0.000203,0.18459,0.136446,0.342917,0.0,3.3e-05,0.025431,0.184162,0.237633,0.551946,0.000796,0.014336,0.247293,0.002235,0.703421,0.011354,0.02136,0.000103,0.725977,0.023088,0.008738,0.193342,0.048752,0.09589,0.029311,0.653171,0.002301,0.008484,0.210843,0.979979,0.00028,0.001115,0.001065,0.017026,0.000536,0.003885,7e-06,0.185252,0.805419,0.005404,3.4e-05,0.000122,0.39011,0.055016,0.519116,0.000757,0.034879,0.001859,0.00286,0.864139,0.014781,2.2e-05,0.11634,0.694808,0.110745,0.040359,0.02712,0.117732,0.009236,0.018235,0.000497,0.897552,0.00084,0.058626,0.02425,0.19032,0.208205,0.008519,0.590031,0.001002,0.001922,0.114444,0.058421,0.277,0.000375,0.014936,0.534824,0.028615,0.004766,0.579586,0.000232,0.31696,0.069841,0.593879,0.00687,0.12966,0.023509,0.203013,0.043068,0.000729,0.011437,0.113244,0.209023,0.001234,0.664332,0.379307,0.102765,8.6e-05,0.136635,0.350833,0.030374,0.020216,0.105396,0.092725,0.009162,0.631902,0.1406,0.003081,0.03824,0.562721,0.016626,0.292037,0.087295,0.449051,0.024524,0.451819,0.014902,0.034053,0.02565,0.053079,0.172357,0.000594,0.025261,0.748558,0.000151,0.011038,0.250211,0.001877,0.272277,0.1022,0.362398,0.629574,3e-06,0.183041,0.014569,0.034485,0.138327,0.028506,0.151211,0.204093,0.00024,0.006205,0.609745,0.413815,0.041683,0.003465,0.147264,0.002174,0.391599,0.201263,0.609324,0.081011,0.068903,0.001233,0.038265,0.195352,0.00038,0.053513,0.730751,0.019079,0.000925,0.0,0.087778,0.70307,0.142581,0.0,0.06657,0.095122,0.007146,0.601741,0.001392,0.009541,0.285059,0.018624,0.003152,0.021969,0.017301,0.931294,0.007661,0.007424,0.259424,0.000691,0.0357,0.329551,0.36721,0.33594,0.086816,0.087745,0.000251,0.255381,0.233867,0.004616,0.205743,0.042055,0.000296,0.00031,0.746981,0.291112,0.074897,1.7e-05,0.402862,0.028646,0.202466,0.312035,0.159568,0.34476,0.04078,0.142796,6.1e-05,0.737131,0.086151,0.000163,0.168052,0.008435,6.9e-05,0.005426,0.836441,0.026799,0.014401,0.116911,2.2e-05,0.497276,0.448774,4.3e-05,0.029333,0.000562,0.024012,0.019769,0.047514,0.0,0.386238,0.000138,0.546341,0.064435,0.0,0.000162,0.695887,0.197669,0.041847,0.061185,0.408103,0.047039,0.02329,0.207911,0.252471,0.713006,0.030691,0.174443,0.010345,0.000357,0.071158,0.002473,0.006601,0.007062,0.273589,0.232496,0.47778,0.014664,2e-06,0.071042,0.031208,0.878967,0.004117,5.1e-05,0.00211,0.946814,0.030509,0.019048,0.001468,0.005553,0.007688,0.871793,0.023496,0.038761,0.05271,0.885177,0.002248,0.002469,0.001023,0.089623,0.019461,0.108401,8.8e-05,0.422077,0.455498,0.000582,0.013353,0.766658,0.150758,0.080441,0.002042,0.000101,0.0,0.010047,0.001958,0.81697,0.05807,0.112926,2.8e-05,0.197034,0.000783,0.007981,0.031336,0.002627,0.76024,0.157834,0.53129,0.018454,0.271044,0.021325,5.2e-05,0.000931,0.037422,0.765992,0.0,0.000591,0.195063,0.000859,0.472651,0.199516,0.118833,0.1601,0.04804,0.00864,0.078931,0.024607,0.025573,0.832234,0.030015,0.05228,0.393327,0.260236,0.065721,0.000452,0.227985,0.000691,0.008605,0.035441,0.001466,0.070315,0.883483,0.217484,0.002875,0.039193,0.288602,0.302893,0.148954,0.008592,0.000501,0.003512,0.771067,0.21607,0.000258,0.084249,0.22436,0.371866,0.122923,0.150887,0.045715,0.051073,0.068285,0.365702,0.005211,0.428523,0.081205,0.204068,0.060653,0.084561,0.190891,0.000155,0.459672,0.215851,0.000265,0.621426,0.133543,0.006743,0.022172,0.150554,0.060722,0.048273,0.043592,0.248935,0.447923,0.074113,0.014003,0.008104,0.002256,0.108342,0.793182,4.6e-05,0.691442,0.145855,0.105958,0.000217,0.056484,0.35481,0.026482,0.322884,0.002817,0.23194,0.061066,0.885899,0.013548,0.095249,0.000755,0.004333,0.000216,0.000704,0.566867,0.31327,0.031298,0.087273,0.000588,0.256942,0.020888,0.025101,0.137202,0.000571,0.559297,0.611164,0.091031,0.105611,0.072867,0.000101,0.119227,0.640508,0.100933,0.249473,0.009061,2.5e-05,0.0,0.00013,0.015411,0.00843,0.109545,0.84121,0.025273,0.017323,0.121259,0.001792,0.745625,0.113542,0.000458,0.084889,0.013016,4e-06,0.175031,0.651349,0.075712,0.780537,0.000391,0.027581,0.030198,0.1568,0.004492,0.438003,0.000359,0.264996,0.274668,4e-06,0.02197,0.002234,0.464985,0.509745,0.0,0.019318,0.003718,0.295066,0.000415,0.370561,0.291534,0.042216,0.000209,0.088277,0.082255,0.020413,0.676657,0.132262,0.000135,0.724845,3.6e-05,0.107524,0.049101,2e-06,0.118492,0.00012,0.017056,0.291196,0.449804,4.1e-05,0.241783,0.515443,0.47992,0.000712,0.00323,6.9e-05,0.000626,0.199612,0.093924,0.130873,0.118028,0.438632,0.01893,0.138732,0.000765,0.668957,0.018528,0.171976,0.001042,0.019228,6.7e-05,0.735627,0.010244,0.145248,0.089586,0.004269,0.095291,0.338909,0.005729,0.32883,0.226972,0.062211,0.002676,0.585448,0.118551,0.042124,0.18899,0.192741,0.324282,0.141121,0.0,0.206847,0.135009,0.046979,0.001887,0.697474,0.24068,0.011239,0.001741,0.002948,0.075017,0.017397,0.000397,0.856171,0.048071,0.263254,0.003547,0.161713,0.000861,0.322087,0.248538,0.460268,0.509726,0.002574,0.01273,0.001297,0.013405,0.295476,9.3e-05,0.082492,0.0,0.507383,0.114556,0.000532,0.011769,0.85446,0.123376,0.005651,0.004212,0.041756,0.010511,0.001403,0.0,0.943685,0.002645,0.118021,0.008116,0.820326,0.026872,0.025907,0.000758,0.03653,0.15117,0.663181,0.07774,0.070668,0.000711,0.057929,0.120093,0.38063,0.033116,0.377791,0.03044,0.637054,0.117312,0.024586,6.1e-05,0.219619,0.001369,0.135691,0.049643,0.743371,0.038077,0.024612,0.008606,0.287892,0.010475,0.004648,0.350686,0.028172,0.318127,0.132374,0.059131,0.455398,0.147166,0.138884,0.067046,0.549741,0.049228,0.19985,0.157653,0.038099,0.005429,6e-06,0.777737,1.8e-05,0.106817,0.115315,0.000106,0.010792,0.351325,0.12743,0.416774,0.009175,0.084504,0.26865,0.018415,0.029899,0.152639,0.521976,0.008421,0.199578,4.8e-05,0.45173,0.032761,0.315608,0.000274,0.00883,0.700822,1e-06,0.017426,0.151233,0.121689,0.002368,0.020823,0.004149,0.039572,0.904407,0.028681,0.610337,0.009451,0.004743,0.155074,5.2e-05,0.220343,0.109172,0.425188,0.050003,0.403971,0.008918,0.002749,0.85762,0.051089,0.033556,0.003212,0.01062,0.043903,0.129077,0.000958,0.535655,0.326299,0.005238,0.002773,0.075548,0.003943,0.915397,0.002951,0.00216,1e-06,0.142186,0.002999,0.610058,0.057419,0.012911,0.174426,0.622734,0.002152,0.027973,0.211216,0.135503,0.000422,0.684318,0.000935,0.04102,0.000856,0.000658,0.272213,0.076807,0.251968,0.046974,2e-05,0.004342,0.619889,0.164499,0.113843,0.10804,0.000174,0.000699,0.612745,0.112885,0.020791,0.01339,0.159345,0.047976,0.645613,0.050207,0.002827,1e-06,0.510831,0.436132,2e-06,0.076828,0.005157,0.137922,0.090286,0.689806,0.0,0.017727,0.076862,0.427173,0.465923,0.000126,0.012188,0.152448,1.2e-05,0.504215,0.312858,0.018537,0.011931,0.0,0.032258,0.000252,0.048985,0.652201,0.266305,0.132162,0.082418,0.211029,0.5099,0.000152,0.064338,0.136532,0.405589,0.004321,0.360027,0.001919,0.091612,0.002499,0.171689,0.000271,0.038529,0.068375,0.718637,0.035133,0.871381,0.017394,0.025165,0.0,0.050927,0.308073,0.254793,0.015811,0.188811,0.231488,0.001025,0.01419,0.062788,0.025735,0.241784,0.421547,0.233955,0.0,0.056872,0.861683,0.015014,0.040801,0.025629,0.001345,0.000324,0.685941,0.186323,0.116149,0.009919,0.786233,0.124634,0.002075,0.082685,0.004214,0.00016,0.037476,0.255864,0.317918,0.08481,0.098212,0.205719,0.000188,0.115689,0.000513,0.014673,0.682394,0.186543,8e-06,0.056865,0.278289,0.002309,0.501742,0.160787,0.086662,0.008736,8e-06,0.825584,0.048156,0.030853,0.78388,0.044569,0.041491,0.040892,0.077534,0.011633,0.029164,0.043418,0.051403,0.007574,0.792746,0.075695,0.011739,0.000639,0.000797,0.003351,0.919236,0.064239,0.007461,0.057961,0.531447,0.31181,0.0774,0.013921,0.044705,0.266024,