{"K":9,"n":226,"Q":[5.8e-05,0.008293,0.005214,0.042601,0.001157,2.6e-05,6.5e-05,0.026196,0.91639,0.088767,0.093698,1e-06,0.132065,0.18072,0.089255,0.148938,0.001784,0.264772,0.006054,0.481817,4.1e-05,0.0004,0.093886,0.016522,0.022372,0.378313,0.000594,0.327199,0.006433,0.011368,0.003603,0.445759,0.001498,0.151018,0.001003,0.052118,0.066592,0.002547,0.190422,0.21181,0.019778,0.200672,0.024247,0.000783,0.283149,0.194719,0.000988,0.424271,0.001045,0.279804,0.037095,0.003401,3e-06,0.058674,0.068741,0.003329,0.682299,0.006834,4.4e-05,0.001761,0.000146,0.001925,0.234921,0.006482,0.178296,0.010122,0.003243,0.457214,0.001777,0.339857,0.000787,0.002222,0.350612,4.1e-05,0.031356,0.275809,0.222438,0.104526,0.000281,0.002386,0.012551,0.00634,0.0,0.047687,4.7e-05,0.388806,0.065532,0.025621,0.308392,0.157575,7.7e-05,0.032273,0.011695,0.425975,0.003891,5.5e-05,0.025547,8e-06,0.500478,0.328536,0.007662,0.086368,0.015127,0.080817,0.003597,0.020274,0.428564,0.029054,0.536449,0.000521,0.000164,0.033305,2.1e-05,0.342281,0.025103,0.01359,0.048565,0.006184,0.449115,0.001332,0.085102,0.029441,0.000147,0.339569,0.083172,0.005938,0.009981,0.088299,0.148953,0.054037,0.582881,0.050803,0.04419,0.009874,0.010981,0.025364,0.178004,5.4e-05,0.411116,0.00994,8.2e-05,0.026501,0.054678,0.294261,0.066881,4.3e-05,0.00012,0.142276,0.142657,0.071605,0.085012,0.411307,0.080098,0.007508,1e-06,0.151309,0.179545,0.127094,0.100876,0.035473,0.386057,0.012137,0.086266,0.136362,0.322261,0.002853,0.062734,0.013256,0.045021,0.17529,0.155956,0.020931,0.202023,0.030617,0.161574,0.022872,0.107205,0.039263,0.20422,0.211295,3e-06,0.000641,0.226202,0.000432,0.374074,0.019804,9.1e-05,0.31574,0.063012,0.002216,0.10768,0.286905,0.379616,4.7e-05,0.086058,3.1e-05,0.011053,0.126393,0.155628,0.010838,0.009472,0.786158,0.000268,0.034122,4e-06,0.003463,4.8e-05,0.00099,0.029035,0.000494,0.039948,2.7e-05,0.007014,0.041943,0.251176,0.629372,0.222923,0.018503,0.151492,0.042016,0.050918,0.027223,0.018753,0.464348,0.003823,0.020017,0.249481,4e-05,0.24297,0.153699,0.258459,0.043993,0.015929,0.015412,0.1016,0.214892,0.107431,0.001883,0.113522,0.001236,0.357836,0.005286,0.096313,0.579151,1.2e-05,0.009963,7.4e-05,0.001568,0.023062,0.004501,0.101914,0.279756,0.141311,0.540017,1.6e-05,0.083071,0.073092,0.007931,3.2e-05,0.154288,0.000243,0.018749,0.3342,0.00149,0.188864,0.248845,0.002162,0.195954,0.000284,0.009451,0.001555,0.159563,2e-06,0.014815,0.000403,0.000775,0.002591,0.241725,0.57857,0.001477,0.395623,0.046897,0.000207,0.125358,0.230319,0.0003,0.001871,0.19795,0.054682,0.000339,5e-06,0.409717,5.8e-05,0.147006,7e-06,0.120379,0.267806,0.038184,0.670497,8.4e-05,0.001762,0.00285,0.057137,0.105222,0.088917,0.035347,0.028171,0.575418,2.3e-05,0.002922,0.163156,0.003818,0.063765,0.000189,0.162538,0.019023,0.023653,0.238834,0.022808,0.108251,0.306015,0.056801,0.217779,0.006836,0.190397,4.3e-05,0.000684,0.000876,0.0,0.014176,0.009948,0.772738,0.011137,0.05536,0.052082,0.001235,0.149174,0.059635,1.8e-05,0.587526,0.009222,0.085749,0.001519,0.00419,0.000451,0.023468,0.315371,4e-05,0.580256,0.017855,0.056851,0.379907,0.153515,0.001152,0.05937,0.033547,0.001207,0.033754,0.007101,0.330447,0.0,0.0343,0.067458,0.054831,0.023275,0.003881,0.001983,0.807678,0.006593,0.04366,0.000579,0.020567,0.020344,0.060703,0.034365,0.634101,0.081938,0.103743,0.016954,0.344677,0.046561,0.001329,0.164662,0.345808,0.0387,0.040899,0.00041,0.088149,0.113744,0.067088,0.042742,9.7e-05,0.042112,0.351991,0.189108,0.10497,0.012471,0.000238,0.121742,0.0337,0.011816,0.181047,5e-05,0.117343,0.521592,0.000905,0.006745,0.186492,0.039699,0.01054,0.031118,0.305064,0.377614,0.041824,0.023925,0.000468,0.197639,0.327669,0.000552,0.000982,0.276887,0.170606,0.00127,0.001233,0.002082,0.273503,0.001183,0.020909,0.000664,0.386958,0.311497,0.00197,0.011866,0.124461,2.7e-05,0.102741,0.008764,0.00017,0.008007,0.219165,0.524799,0.290889,0.038646,0.092406,0.019781,0.008015,0.039406,0.01331,0.497414,0.000134,0.466873,0.173076,0.050451,0.002291,0.028446,0.083111,0.097939,0.012316,0.085496,0.002537,0.000403,0.007132,0.615266,0.130172,0.181503,0.048973,0.001097,0.012916,0.000136,0.028653,0.507653,0.0044,0.010751,0.000899,0.405413,0.04164,0.000455,0.000487,0.055205,0.09503,0.196656,0.05388,0.551097,0.007733,0.023017,0.016895,3e-06,0.002367,0.23458,0.050857,0.23632,1.7e-05,0.000838,0.122061,0.352958,0.0,4e-06,0.00253,0.285199,0.079773,0.039767,0.02883,0.523237,0.04066,0.285182,5e-06,0.0,0.002974,5.4e-05,0.019178,0.495022,0.007629,0.189955,1e-06,0.028513,0.449159,0.098902,0.144078,0.083469,0.18368,0.009733,0.002466,0.220372,0.033993,0.00019,0.400227,0.000648,0.073015,0.15038,0.000304,0.120871,0.681578,0.083746,0.045802,0.008021,5.3e-05,0.158617,0.007905,0.008947,0.005332,0.445789,0.013697,0.056018,0.064205,0.184898,0.205972,0.002854,0.026562,5e-06,0.361132,0.328757,0.171985,0.043038,0.082886,0.000255,0.007622,0.000414,0.003911,0.013109,7.6e-05,0.007844,0.000358,3e-06,0.960981,0.000531,0.017097,0.0,0.164249,0.505636,0.023211,0.014826,0.075083,0.01396,0.177907,0.000547,0.024579,0.534112,0.0,0.22751,0.041662,0.029971,0.113937,0.012123,0.036875,0.00381,0.378365,7e-06,0.052916,0.101052,0.006454,0.344466,1.3e-05,0.05256,0.064167,4.7e-05,0.108001,0.69989,0.007308,0.039384,0.028316,0.034318,2e-06,0.082735,0.039172,0.110847,0.012732,0.090175,0.318497,0.000364,0.098513,0.306253,0.023448,0.407537,0.272125,0.002701,0.01584,0.015822,4.1e-05,0.155307,0.130148,0.000479,0.575653,0.055843,1e-06,0.0,0.079005,0.000763,0.240008,0.041502,0.007226,0.000289,0.410696,0.38784,0.006383,0.082409,0.083271,0.000869,0.026971,0.001269,0.011369,0.000389,0.67705,0.01991,0.000179,0.048073,0.242993,9e-06,2.7e-05,0.030733,0.001525,0.016422,0.035636,0.000271,0.061861,0.003582,0.849635,0.000336,0.191859,6e-06,0.000524,0.061838,0.097372,0.000233,0.549971,0.069247,0.028949,0.03879,0.049707,0.012905,0.005326,0.0552,0.000743,0.00367,0.242957,0.590703,0.001841,0.008345,0.004076,0.002912,0.266064,0.653326,0.059798,0.000214,0.003424,0.003232,0.129012,0.00072,0.019487,0.001218,0.256294,0.589885,3e-06,0.000149,0.083554,0.001864,0.000816,0.074666,0.142648,0.259801,0.307747,0.128003,0.000902,0.083327,0.033257,0.07243,0.000804,0.033376,1e-06,0.209619,0.015312,0.551873,0.031881,8e-06,0.129638,0.058912,0.484523,0.002929,0.225065,0.009761,0.057283,0.000265,0.002981,0.002238,0.030623,0.010352,0.113215,0.011125,0.761426,0.067776,0.447422,0.108783,0.004652,0.000348,0.159781,0.000381,0.010075,0.000605,0.267953,5e-06,0.122159,0.047752,1.5e-05,0.022877,0.689661,1.6e-05,0.026943,0.090572,0.100673,0.068263,0.270979,0.116287,0.163606,0.030301,0.007645,0.129746,0.112501,0.003553,0.180807,0.103861,0.001097,0.006875,0.0,0.688207,0.01443,0.001171,0.0,9.3e-05,0.000156,0.088671,0.147351,0.054184,0.081502,0.360088,0.267955,0.003172,0.003674,0.215663,7e-06,0.000154,0.470225,0.288809,0.018236,6e-05,0.128233,0.009916,0.16155,7e-06,0.009088,0.114565,0.164915,0.005631,0.406095,0.277354,0.022311,0.017792,0.349011,0.000337,0.158427,0.010053,0.11361,0.051105,0.145182,0.000532,0.033253,0.033738,0.039556,0.004814,0.001146,0.457608,0.284173,0.142721,0.0,0.054061,0.036304,0.108804,0.479488,0.163039,0.003543,0.01204,0.705464,0.001927,0.019393,0.030534,0.070139,9.9e-05,0.004716,0.012467,0.15526,0.40665,0.528724,0.026168,0.00024,0.000757,0.012256,0.001038,0.00914,0.015028,0.064423,0.002134,0.029578,0.437148,0.157647,0.01344,0.279716,0.015225,0.00069,0.038539,0.095139,0.528819,0.024137,0.0496,0.001151,0.187673,0.009395,0.065547,0.050968,0.388515,0.132042,0.007678,1.2e-05,0.023576,0.003952,0.393111,0.000146,0.046938,0.234573,0.223042,0.380182,0.092778,0.007444,0.000406,0.005931,0.008706,9.3e-05,0.033194,0.266752,0.169911,0.011225,0.1263,0.148917,0.000108,0.243498,0.076969,0.001202,0.011095,0.171547,0.002496,0.065919,0.527326,0.14342,2.8e-05,2e-06,0.124694,0.338051,0.298041,0.010044,0.002438,0.002346,0.188886,0.035499,0.695069,0.028135,0.002332,0.027803,0.005133,0.068186,0.163096,0.000384,0.009862,0.051916,0.028914,0.351799,0.0,0.076606,0.035304,0.001149,0.347451,0.106861,