{"K":8,"n":226,"Q":[0.006909,0.135128,0.022631,0.087532,0.000602,1e-06,0.08382,0.663376,0.034949,0.500433,0.001645,0.000753,0.122583,0.192125,0.095058,0.052454,0.195615,0.194449,0.281903,0.095194,0.058662,0.0,0.145802,0.028374,0.002604,0.239435,0.103377,0.043994,0.036019,0.573089,0.001305,0.000176,0.494767,0.005835,0.011136,0.277474,0.107873,0.075993,0.02438,0.002543,0.049337,0.227603,0.000832,0.224601,0.044026,0.009809,0.016997,0.426795,0.023263,0.001728,0.063012,0.009363,0.034429,0.002923,0.863588,0.001694,0.007279,0.602103,0.321143,0.000635,0.003463,0.065218,0.000103,5.6e-05,0.018194,0.00776,0.045696,0.00664,1e-06,0.000125,0.921045,0.000539,0.164631,0.060987,0.173417,0.366624,0.019812,0.197161,0.012731,0.004638,0.040929,0.001087,0.023286,0.097465,0.292464,0.131365,0.114474,0.29893,0.533483,0.047323,0.017083,0.021503,0.177876,0.011498,0.003143,0.188092,4e-06,0.015321,0.094278,0.014939,0.845114,0.025329,0.000348,0.004666,0.091668,0.476567,0.190813,0.002228,0.02416,0.000247,0.182722,0.031594,0.009962,0.176837,0.266583,0.103974,0.242078,0.11875,0.024821,0.056995,0.277115,0.093734,0.010738,0.005258,0.44048,0.017236,0.144507,0.010933,0.050227,0.027395,0.188914,0.178823,0.040571,0.020611,0.133134,0.360325,0.002825,0.00917,0.139702,2e-05,0.621674,0.031855,0.000139,0.194615,0.077995,0.016919,0.000516,0.000105,0.002392,5.8e-05,0.034659,0.867357,0.409318,3.5e-05,0.037029,0.002101,0.068814,0.415699,0.066209,0.000795,0.120463,0.138391,0.051524,0.0,0.000199,0.003118,0.686305,0.0,0.000351,8.3e-05,0.001637,0.333263,0.544072,0.019611,6.9e-05,0.100914,0.257209,0.02241,0.052266,0.33257,0.005466,0.006305,0.307823,0.01595,0.111995,7.1e-05,0.036708,0.658207,0.105046,0.010622,0.077347,3e-06,0.002066,0.000106,0.650675,0.127521,0.140457,0.003569,0.049502,0.026104,0.264741,0.065966,0.243819,0.311921,0.080298,0.017835,0.000994,0.014426,0.001183,0.001178,0.12198,1e-06,0.718143,0.017517,0.093607,0.046391,0.118605,0.124746,0.006663,0.192949,0.060454,0.237366,0.257683,0.001534,0.013349,0.027664,0.228733,0.210304,0.241943,0.222347,7e-06,0.055653,0.274904,0.018814,0.252141,0.026506,0.111269,0.094295,0.220792,0.001279,0.130518,0.029554,0.234969,0.535134,0.00034,0.05612,0.011774,0.001591,0.089914,0.530994,0.007498,6.6e-05,0.000128,0.297013,0.049288,0.025099,0.017008,0.054531,0.090699,0.000437,0.001908,0.336311,0.078304,0.420803,0.557572,0.073194,5e-05,0.013719,0.042392,0.000222,0.009714,0.303137,0.018591,0.032452,0.0,0.000139,0.001439,0.427204,0.490154,0.030022,0.26822,0.363605,1.1e-05,0.028762,0.00021,0.043026,0.287396,0.008769,0.001389,0.045373,0.061749,0.809336,0.074153,0.002106,0.003099,0.002795,0.181305,0.365147,0.102259,0.024579,4.9e-05,0.161122,0.002178,0.163361,0.225955,0.004558,0.000589,0.189945,0.003691,0.011372,0.016013,0.547878,0.066023,0.000149,0.132103,0.000253,0.031091,0.760284,0.007544,0.002553,0.005513,0.00292,0.078791,0.653418,0.150616,0.095202,0.006219,0.007321,0.001132,0.000333,0.003979,0.000117,0.273072,0.644783,0.076527,5.6e-05,0.331175,0.115372,0.054289,0.187258,0.090908,0.002493,0.216184,0.002321,0.470553,0.426405,0.0263,0.0,0.000222,0.076431,1.4e-05,7.5e-05,6e-06,0.152382,0.039588,0.054532,0.055293,0.101784,0.585129,0.011285,1e-06,0.446414,0.110644,0.08075,0.007607,0.000536,0.009863,0.344186,0.028965,0.214382,0.018172,0.008174,0.000947,0.081855,0.645526,0.00198,0.008165,0.066426,0.394565,0.000114,0.01726,0.508808,0.004572,8.9e-05,0.0,0.000103,1.3e-05,0.003398,0.524273,0.003927,0.203651,0.264635,0.006353,0.084854,1e-05,2e-06,0.210141,0.345385,0.353141,0.000113,0.009903,0.021146,0.499089,0.105177,0.197501,0.021306,0.010387,0.135492,0.069472,5.1e-05,0.267846,0.116487,0.49686,0.014762,0.002109,0.032413,0.121387,0.156702,0.020479,0.431617,0.011232,0.102266,0.08299,0.073326,0.808786,0.074292,0.000597,0.020668,0.004733,0.000245,0.012936,0.077742,0.113497,0.184789,0.02822,0.522265,0.014448,0.000644,9.9e-05,0.136037,0.185677,0.044018,0.017667,0.110378,0.050609,0.004092,0.184358,0.403202,0.023203,0.049778,0.016391,0.586105,0.002565,0.118667,0.008494,0.194797,0.045842,0.153205,0.180365,0.348406,0.224498,0.002355,0.01378,0.031548,0.20671,0.004645,0.515112,0.018783,0.001003,0.001234,0.178362,0.074152,0.00018,0.000816,0.001077,0.014541,0.144086,0.008549,0.645429,0.185321,0.258476,0.001969,0.000554,0.002365,0.061385,0.606832,0.062444,0.005974,0.014956,0.040375,0.036392,0.467924,0.001164,0.009317,0.381868,0.048005,0.385387,0.000561,2.3e-05,0.208786,0.252447,0.134258,0.000176,0.018362,0.00029,0.004737,0.061502,0.033701,0.05764,0.08028,1e-06,0.761849,0.027059,0.001681,0.282725,0.029774,0.238097,0.004353,0.031407,0.384903,0.550704,0.040359,0.223245,0.000178,0.043783,0.128676,0.003348,0.009706,0.010125,0.551719,0.358188,3e-05,0.003299,0.05413,0.002136,0.020373,0.248097,0.098102,2e-06,0.028387,0.064246,0.150267,0.308874,0.102025,0.37408,0.207192,0.036791,0.002018,0.00462,0.00506,0.346884,0.023356,0.110869,0.411813,0.245538,0.050238,0.064183,0.107227,0.009545,0.000587,0.179271,0.000631,0.002809,0.027322,0.295698,2e-06,0.387044,0.107222,0.022544,0.025836,0.785111,0.114956,0.000148,7.4e-05,0.051331,0.0,0.001612,0.000234,0.397154,0.086091,1.3e-05,0.013155,0.448339,0.053401,0.107014,0.08398,0.085115,0.317469,0.0247,0.381242,0.000241,0.000238,0.203102,0.000213,0.619057,0.049222,0.125135,0.001339,0.001871,6.1e-05,0.023192,0.050612,0.154416,0.056759,0.325266,0.062371,0.033143,0.294242,0.069082,0.10127,0.086227,0.008954,4.4e-05,0.219729,0.496218,0.018475,0.115002,0.138399,0.072165,0.480012,0.002299,0.113455,0.000876,0.07779,0.085761,0.003158,0.009455,0.088244,0.000109,0.71696,0.09273,0.003584,0.023911,0.000469,0.000845,0.034557,0.166434,0.42414,4.4e-05,0.3496,0.019645,0.400256,0.001032,0.157995,0.000736,0.015151,0.405061,0.000124,0.873278,0.015237,0.087183,1.3e-05,0.003767,0.004962,8e-05,0.015481,0.39662,0.389995,7e-06,4.8e-05,0.065456,0.010215,0.002288,0.135371,0.139164,0.00551,0.057626,0.137209,0.014724,0.0029,0.642757,0.000111,0.195746,0.524056,0.002812,0.121454,3.3e-05,0.049901,0.001856,0.104142,0.2588,0.004105,0.414867,2e-06,0.004244,0.107818,0.108262,0.101902,0.352782,0.343768,0.112347,0.010497,0.011996,0.072304,0.076677,0.01963,1.2e-05,0.052817,0.000861,0.125155,0.669373,0.007713,0.000256,0.143812,0.0,0.063697,0.006548,0.016772,0.010765,0.648954,0.005412,0.247852,0.017553,0.025973,0.14336,0.000349,0.338933,0.217765,0.033407,0.222661,0.003108,0.294016,0.0,0.000611,0.226236,0.001341,0.474501,0.000187,0.027011,0.058413,0.001437,0.384978,0.364701,8e-06,0.003121,0.160331,0.286069,0.316734,0.159461,0.095631,0.135203,0.002104,0.004799,0.0,0.009398,0.010573,0.013879,0.008888,0.46074,0.378704,0.034817,0.083001,0.150304,0.013584,0.137326,0.010856,0.504415,0.095443,0.003317,0.084754,0.449982,0.001443,0.001728,2e-06,0.251989,0.290406,3e-05,0.00442,7.5e-05,0.170929,0.118444,1.2e-05,0.317523,0.339867,0.045846,0.007305,0.0,0.101806,0.01773,0.0793,0.020512,0.431142,0.000576,0.348935,0.0,0.001441,0.106572,9e-06,0.264582,0.243357,0.384039,0.0,0.525295,0.002226,0.023042,0.00052,0.004792,0.398837,0.010168,0.03512,0.162998,0.368434,0.084057,0.005115,0.090395,0.220113,0.068456,0.000433,0.023655,0.006138,0.001617,0.438155,0.216738,0.05301,0.047599,0.213088,0.06906,0.046777,0.050369,0.040479,0.095169,0.002686,0.520612,0.174849,0.001011,0.013487,0.232913,0.406003,0.13973,2.3e-05,0.136263,0.070569,0.123862,0.213651,0.468273,0.017824,0.061853,0.087206,0.027284,4.8e-05,0.558984,0.007871,0.057837,0.097135,0.01955,0.003764,0.237092,0.017768,8.2e-05,0.089111,0.0,0.039706,0.14339,0.590597,0.136771,0.000343,0.601472,0.005713,0.007363,0.060474,0.026129,2e-05,0.186711,0.112118,1e-06,0.027052,0.000143,0.008651,0.387824,0.393479,0.034264,0.148586,0.004945,0.044056,0.00079,0.351273,0.364526,0.001032,0.030974,0.202404,0.758398,0.00218,0.000274,0.002233,0.000278,0.103327,0.133006,0.000304,0.000733,0.256671,0.018524,0.117556,0.007928,0.314801,0.185216,0.098571,0.004517,0.304183,0.047324,0.020993,0.190792,0.027307,0.067873,0.33701,0.009705,0.603277,0.106306,0.012353,0.175959,0.001591,0.090102,0.000707,4e-06,0.354324,