{"K":3,"n":226,"Q":[0.017364,0.958453,0.024183,0.009864,0.388507,0.601628,0.002564,0.613948,0.383488,0.947243,0.031628,0.021129,0.19442,0.002069,0.803511,0.083716,0.398201,0.518084,0.972768,0.027211,2.1e-05,0.212724,0.00553,0.781746,0.000749,0.851823,0.147428,0.531256,0.00427,0.464474,0.289441,0.569061,0.141498,0.062248,0.626838,0.310913,0.583623,0.08789,0.328487,0.295753,0.000442,0.703805,0.003234,0.028121,0.968644,0.902039,0.094231,0.003731,0.013863,0.985977,0.00016,0.605213,0.029133,0.365654,0.037345,0.960763,0.001893,0.006697,0.551628,0.441675,0.866814,0.001035,0.132152,0.318197,0.000215,0.681588,0.089786,0.62744,0.282774,0.009796,0.408657,0.581547,0.38679,0.367114,0.246097,0.001467,0.582804,0.41573,0.039183,0.003386,0.957431,0.0,0.480141,0.519859,0.257107,0.487651,0.255241,0.026678,0.966745,0.006578,0.008783,1e-05,0.991207,8e-06,0.246446,0.753546,0.179858,0.787741,0.032401,0.000798,0.798721,0.200481,0.048418,0.040418,0.911164,0.005485,0.227648,0.766868,0.494768,0.259512,0.24572,0.00061,0.729169,0.270221,0.002728,0.980976,0.016295,0.003221,0.381765,0.615014,2e-06,0.195476,0.804523,0.756446,0.221071,0.022483,0.006667,0.887647,0.105687,0.006518,0.000254,0.993228,0.224118,0.772047,0.003835,0.999719,4.5e-05,0.000236,0.473808,0.485551,0.040641,0.001078,0.653404,0.345518,0.923879,0.001851,0.07427,0.772854,0.003085,0.224061,0.039734,0.002057,0.958209,0.295956,0.009989,0.694055,0.672674,0.303879,0.023447,0.84211,0.065401,0.092488,0.46756,0.005826,0.526614,0.383418,0.610503,0.006079,0.906841,0.011487,0.081672,0.117046,0.008493,0.874461,0.216925,0.072287,0.710788,0.229654,0.76059,0.009756,1.7e-05,0.268598,0.731385,0.903926,0.027745,0.068329,0.630937,0.000108,0.368956,0.004179,5e-06,0.995817,0.0,0.756679,0.243321,0.813266,0.012487,0.174246,0.004369,0.241419,0.754212,0.129926,0.827048,0.043026,0.743147,8e-06,0.256845,0.1171,0.871723,0.011177,0.445654,0.079053,0.475293,0.02227,0.50392,0.473809,0.893607,0.036149,0.070244,0.734608,0.142457,0.122935,0.433835,0.473485,0.09268,0.738424,3.3e-05,0.261543,0.177738,0.207672,0.61459,0.017556,0.946128,0.036316,0.00071,0.253713,0.745577,0.026928,0.936874,0.036197,0.854533,0.136739,0.008728,0.001241,0.055486,0.943273,0.20565,1.1e-05,0.794339,0.744832,0.009213,0.245956,0.57687,0.026719,0.396412,0.614214,0.212617,0.173169,0.98353,0.01646,1e-05,0.50688,0.020512,0.472608,0.457469,0.090977,0.451554,0.002988,0.959556,0.037457,0.024196,0.355782,0.620022,0.016922,0.015494,0.967584,0.861069,0.114958,0.023973,0.488202,0.501494,0.010304,0.0116,0.001012,0.987387,0.143891,0.829813,0.026295,0.529123,0.469571,0.001305,0.002241,0.997726,3.3e-05,0.077066,0.001974,0.920959,0.02912,0.115762,0.855117,0.116589,0.016685,0.866726,0.629614,0.370212,0.000173,0.011249,0.112351,0.8764,0.000745,0.880893,0.118362,0.035084,0.547434,0.417483,1e-06,0.485784,0.514215,0.065895,0.206899,0.727206,0.303399,0.002806,0.693795,0.046111,0.045106,0.908784,0.027119,0.152784,0.820097,0.139543,0.852289,0.008168,0.096217,0.049179,0.854604,0.301678,1.1e-05,0.698311,0.0,0.592601,0.407399,0.008644,0.98541,0.005946,0.004416,0.901288,0.094295,0.047427,0.648068,0.304504,0.964823,0.035113,6.4e-05,0.138725,0.455737,0.405539,0.001097,0.016446,0.982457,1.1e-05,6.6e-05,0.999923,0.485086,0.469035,0.045879,0.953588,0.045494,0.000918,0.074459,0.903272,0.022268,0.461791,0.538149,6e-05,0.41593,0.133128,0.450942,0.000691,0.975143,0.024166,0.034043,0.965488,0.000469,0.547985,0.008645,0.44337,0.552892,0.165494,0.281614,0.087528,0.000607,0.911865,4.9e-05,0.001998,0.997953,0.162769,0.564846,0.272385,0.033316,0.546948,0.419736,0.006384,0.0,0.993616,0.000683,0.78659,0.212726,0.324254,0.051838,0.623909,0.981826,0.010105,0.00807,0.063838,0.895607,0.040555,0.37832,0.318128,0.303552,0.338149,0.632315,0.029537,8.1e-05,0.494528,0.505391,0.724345,0.272194,0.003461,0.285984,0.362952,0.351064,0.000981,0.811903,0.187116,0.120894,0.878967,0.000139,0.313434,0.422801,0.263766,0.917397,0.003905,0.078697,0.002938,0.844146,0.152916,0.971568,0.000176,0.028256,0.934107,0.010379,0.055514,9.6e-05,1e-05,0.999894,0.805908,0.194073,1.9e-05,0.863733,0.018297,0.11797,0.115889,0.048961,0.83515,0.961332,0.003627,0.035042,0.447825,0.071072,0.481103,0.001643,0.96579,0.032567,0.69669,0.073449,0.229861,0.000177,0.999726,9.7e-05,0.011588,0.005931,0.982481,0.005458,0.985448,0.009094,2.9e-05,0.37798,0.621991,0.000529,0.569891,0.42958,0.027495,0.086255,0.88625,0.284644,0.714174,0.001182,0.390542,0.598624,0.010834,0.020715,0.050855,0.92843,0.000173,0.362425,0.637402,0.004837,0.300244,0.694918,0.000365,0.006389,0.993246,0.672035,0.170971,0.156994,0.214801,0.05889,0.726309,0.006587,0.02074,0.972674,0.68047,0.087881,0.231649,0.96396,0.010625,0.025415,0.043204,0.898646,0.05815,1.1e-05,0.220692,0.779298,0.637756,0.01481,0.347434,0.003136,0.359491,0.637374,0.923094,0.035729,0.041177,0.535305,2e-06,0.464693,0.348035,0.479916,0.172049,0.022017,2.4e-05,0.977959,0.012415,0.803182,0.184403,0.860896,0.000178,0.138926,0.999367,0.000136,0.000497,0.204134,0.709247,0.086619,0.014527,0.298381,0.687092,0.50976,0.467938,0.022301,0.000248,0.042574,0.957177,0.969617,0.02673,0.003653,0.306656,0.675026,0.018318,4e-06,0.913463,0.086533,0.239646,0.048965,0.711389,0.002783,0.006796,0.990421,0.576572,0.081807,0.341621,0.599522,0.095949,0.30453,0.055032,0.941282,0.003687,0.985189,0.011816,0.002995,0.783361,0.11997,0.096669,0.134858,0.779819,0.085323,2e-05,0.948629,0.051351,0.050274,0.427687,0.52204,0.753509,0.054659,0.191832,0.310169,0.678353,0.011477,0.094854,0.807381,0.097765,0.056504,0.941642,0.001854,0.747517,0.088595,0.163888,0.664747,0.084424,0.250829,2.3e-05,0.005469,0.994508,0.423342,0.020218,0.55644,0.068426,0.916165,0.015409,0.188555,0.203221,0.608225,0.853071,0.145958,0.000971,0.057391,0.642191,0.300417,0.183028,0.411491,0.405481,0.064413,0.005536,0.930051,0.983194,0.009041,0.007765,0.076297,0.42817,0.495533,0.283438,0.02548,0.691083,0.120589,0.18075,0.698661,0.172659,0.005194,0.822147,0.91123,0.000124,0.088645,0.423041,4e-06,0.576955,0.032212,0.957801,0.009987]}