{"K":2,"n":226,"Q":[0.096047,0.903953,0.96421,0.03579,0.999987,1.3e-05,0.994708,0.005292,0.237172,0.762828,0.184725,0.815275,0.97676,0.02324,0.993055,0.006945,0.996816,0.003184,0.001196,0.998804,0.133217,0.866783,0.631108,0.368892,0.998288,0.001712,0.000769,0.999231,0.977266,0.022734,0.893069,0.106931,1.0,0.0,0.905825,0.094175,0.969639,0.030361,0.054697,0.945303,0.999139,0.000861,0.485962,0.514038,0.999958,4.2e-05,0.000464,0.999536,0.958577,0.041423,0.312754,0.687246,0.874914,0.125086,0.340942,0.659058,0.961207,0.038793,0.012284,0.987716,1e-06,0.999999,0.000465,0.999535,0.765765,0.234235,0.86497,0.13503,0.999736,0.000264,0.998667,0.001333,0.969696,0.030304,0.140311,0.859689,0.014404,0.985596,0.000217,0.999783,0.14844,0.85156,0.018938,0.981062,0.018529,0.981471,0.996967,0.003033,0.976033,0.023967,0.261311,0.738689,0.825166,0.174834,0.0,1.0,0.910229,0.089771,0.489827,0.510173,0.030211,0.969789,0.669998,0.330002,0.973697,0.026303,0.008161,0.991839,0.999999,1e-06,0.022199,0.977801,0.02271,0.97729,0.001621,0.998379,0.992835,0.007165,0.749527,0.250473,0.056614,0.943386,0.885371,0.114629,0.625824,0.374176,0.9633,0.0367,0.834538,0.165462,1.5e-05,0.999985,0.002358,0.997642,0.000399,0.999601,0.758074,0.241926,0.887003,0.112997,7e-06,0.999993,0.960953,0.039047,0.351278,0.648722,0.940397,0.059603,0.633709,0.366291,0.020371,0.979629,0.900783,0.099217,0.97004,0.02996,0.551341,0.448659,0.998568,0.001432,3e-06,0.999997,0.365108,0.634892,0.418596,0.581404,0.901478,0.098522,0.719546,0.280454,0.998578,0.001422,0.370556,0.629444,0.036117,0.963883,0.572515,0.427485,0.662527,0.337473,0.004981,0.995019,0.018927,0.981073,0.010713,0.989287,0.928185,0.071815,0.350465,0.649535,0.822647,0.177353,0.682585,0.317415,0.854333,0.145667,0.374778,0.625222,0.062937,0.937063,0.078056,0.921944,0.988605,0.011395,0.004785,0.995215,0.00207,0.99793,0.993967,0.006033,0.999939,6.1e-05,0.000237,0.999763,5.7e-05,0.999943,0.747424,0.252576,0.999799,0.000201,0.96568,0.03432,0.1528,0.8472,0.917527,0.082473,0.016036,0.983964,0.911831,0.088169,0.999979,2.1e-05,0.179325,0.820675,0.818016,0.181984,0.998711,0.001289,0.564739,0.435261,0.911587,0.088413,0.996654,0.003346,0.996488,0.003512,0.500231,0.499769,0.133757,0.866243,0.003053,0.996947,0.041193,0.958807,0.037049,0.962951,0.703648,0.296352,0.997894,0.002106,0.557551,0.442449,0.301978,0.698022,0.148698,0.851302,0.28897,0.71103,0.996174,0.003826,0.461166,0.538834,0.143188,0.856812,0.999796,0.000204,0.999897,0.000103,0.993416,0.006584,0.153543,0.846457,0.999786,0.000214,0.751947,0.248053,0.004751,0.995249,0.999826,0.000174,0.869314,0.130686,0.265243,0.734757,0.001716,0.998284,0.801894,0.198106,0.879202,0.120798,0.997389,0.002611,0.715293,0.284707,0.928797,0.071203,0.986973,0.013027,0.836842,0.163158,0.001818,0.998182,0.262688,0.737312,0.182445,0.817555,0.044272,0.955728,0.069224,0.930776,0.004399,0.995601,0.024688,0.975312,0.731966,0.268034,0.998486,0.001514,0.99993,7e-05,0.991088,0.008912,0.664434,0.335566,0.886698,0.113302,0.407406,0.592594,0.165439,0.834561,0.157668,0.842332,0.999336,0.000664,0.993431,0.006569,0.163534,0.836466,0.161714,0.838286,2.9e-05,0.999971,0.977308,0.022692,0.002036,0.997964,0.021495,0.978505,0.967049,0.032951,0.020031,0.979969,0.975305,0.024695,0.999985,1.5e-05,0.840049,0.159951,0.73534,0.26466,0.958451,0.041549,0.999796,0.000204,0.829605,0.170395,0.002419,0.997581,0.812193,0.187807,0.98156,0.01844,0.014601,0.985399,0.887165,0.112835,0.000167,0.999833,0.864097,0.135903,0.998783,0.001217,0.51913,0.48087,3.6e-05,0.999964,0.710172,0.289828,0.002532,0.997468,0.139718,0.860282,1.5e-05,0.999985,0.000789,0.999211,4e-06,0.999996,0.998115,0.001885,0.349937,0.650063,0.999969,3.1e-05,0.611504,0.388496,0.088282,0.911718,0.060623,0.939377,0.600892,0.399108,0.019937,0.980063,0.98818,0.01182,0.993614,0.006386,0.999417,0.000583,0.056473,0.943527,0.978768,0.021232,0.001512,0.998488,0.983745,0.016255,0.956008,0.043992,0.026061,0.973939,0.045443,0.954557,0.370923,0.629077,9.9e-05,0.999901,0.978318,0.021682,0.548287,0.451713]}