{"K":10,"n":226,"Q":[0.171561,0.325176,0.005789,0.188045,0.010534,0.293583,0.002005,0.001576,0.001571,0.00016,0.11813,6.3e-05,0.000567,0.024745,0.091026,0.049374,0.000765,0.519143,4.4e-05,0.196144,0.004056,2.5e-05,0.012076,0.317808,0.046454,0.021462,0.001383,0.000681,0.398296,0.197759,0.133841,0.322828,0.038184,0.182697,0.045571,0.000136,0.109701,0.000135,0.166381,0.000527,0.055127,0.043072,0.01118,0.315514,0.035726,0.281905,0.003174,0.050059,0.026076,0.178167,0.235068,0.236319,0.292971,0.000286,0.038208,0.000291,0.153362,0.001943,0.005686,0.035867,0.009413,0.79324,0.014314,0.000215,0.079423,0.01895,0.001011,0.037118,0.046316,0.0,0.086119,0.007339,0.555465,0.152886,0.178468,0.005401,0.010482,0.001583,0.000205,0.002053,0.000122,0.222812,0.013505,0.035465,0.289455,0.056895,0.200926,5e-06,0.019516,0.1613,3.8e-05,0.366766,0.030711,0.001246,0.002397,0.104137,0.0,0.037941,0.039641,0.417122,0.00108,0.073285,0.010588,0.137684,0.000117,0.578797,0.087497,2e-06,1e-06,0.110948,0.051376,0.063217,1e-06,2.9e-05,0.178775,0.009609,0.096165,0.003468,0.595793,0.001567,0.650832,0.002731,0.007434,0.079198,0.002435,0.043587,0.029331,0.101531,0.078032,0.004889,0.026763,0.14961,0.104697,0.001333,0.050539,0.04754,0.323604,0.092697,0.049238,0.153979,0.007338,0.105981,0.270113,0.007181,0.001216,0.004272,0.03294,0.000443,0.008808,0.561706,0.032269,0.011034,0.002537,0.027347,0.004945,0.093271,0.090645,0.001189,0.664343,0.07242,0.005661,0.186784,0.0161,0.133431,0.388597,0.054244,0.006715,0.083298,0.125169,1e-06,0.032735,0.302338,0.500299,0.071916,1e-05,0.000131,0.00418,0.067443,0.007344,0.013603,0.038951,0.081891,0.000156,0.069362,0.011387,0.003564,0.045711,0.043535,0.543038,0.162406,0.06485,0.005594,0.065437,0.247475,0.06807,0.04056,0.040921,0.351123,0.10315,0.012821,0.001379,2.2e-05,0.036365,0.122141,0.778453,0.005111,0.003358,0.011549,0.000895,0.040728,1.8e-05,0.023848,0.00117,0.000166,0.080765,0.15598,0.086016,0.000604,0.648245,0.003189,0.017104,0.011103,0.094295,0.305572,0.210065,0.020569,0.025261,0.000776,0.146619,0.168637,0.151441,7.4e-05,0.017911,7.2e-05,0.142176,0.16969,0.055737,0.001713,0.002594,0.458593,7.5e-05,0.011142,0.000471,0.205569,0.158315,0.379726,0.035246,0.020972,0.095766,0.092717,0.045864,0.0,0.083536,0.027026,0.319501,0.015202,0.143609,0.236587,0.128675,0.0,0.061315,0.15764,0.316172,0.0,0.021898,0.011697,0.21994,0.126005,0.016413,0.068919,0.01069,0.005213,0.007444,0.09753,0.12424,0.206569,0.023117,0.308185,0.217011,0.0,0.060151,0.693163,0.054815,0.010352,0.0375,0.000208,0.04212,0.043994,0.056507,0.001189,0.041426,0.000428,0.048072,0.002213,0.109286,0.009681,8.7e-05,6e-06,0.739338,0.049463,0.458571,0.337107,0.024574,0.007585,0.01513,0.112072,0.000764,0.032733,0.011181,0.000281,0.149602,0.218102,0.022254,0.096288,0.124662,0.000135,0.122068,0.10478,0.038837,0.123272,0.082041,0.139921,0.095391,0.0,0.000238,0.491217,0.002745,0.010573,0.016924,0.160949,0.048636,0.597919,0.010139,0.107893,2.2e-05,0.003864,0.000461,0.043756,0.152748,0.034562,0.001863,0.001343,0.037612,0.029649,0.057288,0.352924,0.042593,0.067827,0.381652,0.02725,0.004826,7.7e-05,0.018334,0.139667,2.7e-05,0.461888,0.003258,0.103276,7e-05,0.268577,0.221849,0.130306,0.143987,0.467156,0.000221,0.004151,0.019466,0.000416,0.0,0.012447,0.388376,0.222583,0.063733,0.00805,0.009617,0.032906,0.008714,0.00121,0.262161,0.00265,0.011719,0.033582,0.275275,0.0,0.005715,0.0014,0.000152,0.408449,0.000273,0.263436,0.060488,0.040478,0.022384,0.178938,0.079312,0.000675,0.549784,0.002899,0.052784,0.012257,3.2e-05,0.22616,0.065546,0.011498,0.024147,0.025083,0.101255,0.048479,0.489783,0.008018,0.304734,0.036246,0.003203,0.028774,0.033703,0.12279,0.021252,0.290816,0.158057,0.000424,0.313996,0.048658,0.124075,0.168874,0.001261,0.0,0.000135,0.082181,0.260342,0.000478,0.617936,0.000693,0.0091,0.002273,0.020599,0.168167,0.001327,0.093343,0.024514,0.062049,0.022964,0.006065,0.381781,0.115015,0.108457,0.045619,0.000573,0.097415,0.082195,0.139917,0.243482,0.322869,0.157008,0.002024,0.000174,0.000103,0.011343,0.040874,0.027058,0.195065,0.619467,0.131927,0.002506,0.03564,0.000623,0.064228,0.037741,0.086361,0.0,0.021508,0.000292,0.005233,0.001065,0.131651,0.075581,0.409204,0.057071,0.047369,0.194177,0.078357,0.089371,0.00114,0.425707,0.400651,6e-05,0.003577,0.000456,0.026987,0.003036,0.049017,0.033553,0.000267,0.000862,0.039506,0.002221,0.254424,0.000212,0.45166,0.182224,0.035072,0.674076,0.005053,0.000182,0.011155,0.128564,0.041439,3.2e-05,0.000227,0.001087,0.138185,0.030872,0.044739,0.000354,0.000241,0.127176,0.047211,0.010015,0.081372,0.64658,0.011441,0.069913,3.4e-05,0.592235,0.255884,0.017483,0.011475,0.018534,0.034231,0.000212,0.0,0.323899,0.003734,0.287978,0.004322,1e-06,2e-06,0.001842,0.001053,0.000119,0.37705,0.32102,0.317038,0.000203,0.021155,0.100963,0.080665,0.109698,0.011081,0.021691,0.016488,0.04394,0.040103,0.091749,0.008034,0.000604,0.436252,0.057146,0.269398,0.03344,0.019335,0.006918,0.06528,6e-06,7.2e-05,0.134673,0.006597,0.000148,1.3e-05,0.374173,0.412121,0.285097,0.042316,0.220248,2.6e-05,0.0,0.132773,0.114071,0.0035,0.20196,1e-05,0.001835,0.134186,0.370277,0.027749,0.348891,0.014563,0.007844,0.026113,4e-06,0.068539,0.003878,0.016273,0.091205,0.102733,0.352156,0.081689,0.144514,0.118185,0.089336,3.1e-05,0.609142,0.026546,6e-06,0.017908,0.000526,0.0306,0.030859,0.015009,0.269331,7.3e-05,0.080223,0.011277,0.0,0.003616,0.000291,0.003763,0.0,0.396977,0.016023,0.487829,0.109951,0.499248,0.025958,0.003816,0.074812,0.033927,0.029911,0.019768,0.194076,0.008534,0.452149,0.002762,0.061354,0.000108,0.105965,0.025666,0.284771,0.032442,0.007324,0.02746,0.0,0.001957,0.047906,0.005092,0.000595,0.791363,0.122869,1e-06,0.028329,0.001888,0.022276,0.178567,0.010263,0.008843,0.090752,0.021097,0.037524,0.022292,0.605773,0.002614,0.000614,1e-06,0.034178,0.43157,0.03084,0.045071,0.003153,0.205202,0.165059,0.084311,0.020556,0.0,0.017571,0.055072,0.019698,0.002884,0.160529,0.689058,0.033385,0.001248,8e-06,1.2e-05,0.006205,0.022154,0.049897,0.076068,0.170938,0.1299,0.29768,0.247137,0.001576,0.00027,0.065065,0.089383,0.288583,0.458033,0.018181,0.010558,0.023385,0.044966,0.008774,0.272306,0.010165,0.105715,0.557817,0.012928,0.027051,0.004806,0.000412,2.6e-05,0.30619,0.133539,0.221018,2.4e-05,0.003934,0.003948,0.001603,0.001676,0.153392,0.174676,0.002519,0.108574,0.151115,0.173195,0.041268,0.371133,0.004475,0.145139,0.001195,0.001388,0.06732,0.005461,0.031725,0.587332,0.026224,0.025595,0.033879,0.026866,0.057738,0.137859,0.001734,0.012582,0.126508,0.017494,0.423293,6e-06,0.199588,0.184233,0.027003,0.00756,0.005337,0.158648,0.293315,0.179426,0.006082,0.005082,0.169227,0.02127,0.000577,0.161036,0.001941,1e-06,0.292652,0.00075,0.000201,0.021863,0.295099,0.20397,0.016431,0.167092,0.122246,0.02515,0.001419,0.01706,0.110819,0.348072,0.158922,0.003319,0.115048,0.097946,0.075977,0.000209,0.005306,0.03056,0.04117,0.807566,0.000212,0.002767,0.034368,0.001864,0.053299,0.132695,0.012103,0.000539,0.000337,4e-05,2.4e-05,0.183326,0.017279,0.600357,0.013098,7e-06,0.061077,0.132919,0.426864,0.036983,0.045907,0.085153,0.108132,0.089859,0.0398,0.566129,0.00444,0.010228,0.008694,0.012683,0.12017,0.000103,0.235031,0.002721,0.019554,0.047848,0.008807,0.007235,0.003302,0.098937,0.012676,0.47391,0.00011,0.327622,0.011411,0.036457,1e-06,0.461744,0.001745,0.005256,0.019496,0.436507,0.024734,0.00265,0.006153,0.000173,0.00076,0.343915,0.224296,0.146035,0.016465,0.246126,0.008617,0.00746,0.116778,0.075656,9.6e-05,0.000416,0.575748,0.000955,0.223665,5e-06,0.000155,0.006526,0.003458,0.008866,0.320813,0.081317,0.008699,0.145243,2.7e-05,0.027963,0.403614,0.0,0.1339,0.026741,0.006092,0.00192,0.697914,0.006454,0.071781,0.000756,0.044068,0.010374,0.000398,0.000708,0.150537,0.438276,0.171504,0.069221,0.002251,0.00106,0.16358,0.002465,0.054212,0.213604,0.137139,0.414752,0.014945,0.00548,0.02875,0.023209,0.104064,0.003845,0.015768,0.009077,1e-05,0.158374,0.035699,0.013902,0.591618,0.059883,1.4e-05,0.115654,0.028472,0.0002,5.8e-05,0.048074,0.119421,0.343202,0.266516,0.155683,